"fips_state","state_code","state_name","group","vaxx_count","pct_of_vaxx_total","pct_of_vaxx_known","vaxx_total","vaccination_rate","state_residents","pct_of_state"
"01","AL","Alabama","raceeth_aian",1894,0.00115302196464228,0.00380003089782251,1642640,0.0978103697583144,19364,0.00394926970938278
"01","AL","Alabama","raceeth_asian",14101,0.0085843520187016,0.0282915711141474,1642640,0.216223261519589,65215,0.0133005383235591
"01","AL","Alabama","raceeth_black",138709,0.0844427263429601,0.278299094934563,1642640,0.105657206885021,1312821,0.267748616460525
"01","AL","Alabama","raceeth_hispanic",31068,0.018913456387279,0.0623333473777981,1642640,0.141671530716475,219296,0.0447252143249745
"01","AL","Alabama","raceeth_nhpi",548,0.000333609311839478,0.00109948095670894,1642640,0.360526315789474,1520,0.000310002579955682
"01","AL","Alabama","raceeth_other",7382,0.00449398529196903,0.0148108912817982,1642640,0.0802269219901319,92014,0.0187661693368698
"01","AL","Alabama","raceeth_unknown",1144223,0.696575634344713,,1642640,,,
"01","AL","Alabama","raceeth_white",304715,0.185503214337895,0.611365583437162,1642640,0.0954335404037952,3192955,0.651200189264733
"02","AK","Alaska","raceeth_aian",47100,0.147197159813613,0.232491559223646,319979,0.415098663047406,113467,0.155105974341975
"02","AK","Alaska","raceeth_asian",10321,0.0322552417502399,0.0509457618417675,319979,0.238239231799086,43322,0.0592198702745559
"02","AK","Alaska","raceeth_black",3806,0.0118945305785692,0.0187868975457579,319979,0.174803655904101,21773,0.0297630357667676
"02","AK","Alaska","raceeth_hispanic",11226,0.0350835523581235,0.055412956344897,319979,0.213633249600365,52548,0.0718315346287652
"02","AK","Alaska","raceeth_nhpi",1542,0.00481906625122274,0.00761150709814994,319979,0.158723623262995,9715,0.0132801126383203
"02","AK","Alaska","raceeth_other",49938,0.156066491863529,0.246500286295338,319979,0.942119760027167,53006,0.0724576068457853
"02","AK","Alaska","raceeth_unknown",117391,0.366870950906153,,319979,,,
"02","AK","Alaska","raceeth_white",78655,0.24581300647855,0.388251031650443,319979,0.179694960636397,437714,0.598341865503831
"04","AZ","Arizona","raceeth_aian",139917,0.0434680087608929,0.0857664591521737,3218850,0.483872306431365,289161,0.0397269189061754
"04","AZ","Arizona","raceeth_asian",44337,0.0137741740062445,0.0271777375117386,3218850,0.188506050118621,235202,0.032313661872003
"04","AZ","Arizona","raceeth_black",46707,0.0145104618108952,0.0286305024237268,3218850,0.146396276387343,319045,0.0438325875288186
"04","AZ","Arizona","raceeth_hispanic",394090,0.122431924445066,0.24156967264364,3218850,0.170558021494059,2310592,0.317444956302052
"04","AZ","Arizona","raceeth_nhpi",2581,0.000801839166161828,0.00158210389782343,3218850,0.193174163610508,13361,0.00183562570161747
"04","AZ","Arizona","raceeth_other",248088,0.0770734889789832,0.152073224255412,3218850,1.36205069643083,182143,0.0250240530027476
"04","AZ","Arizona","raceeth_unknown",1587478,0.493181726392966,,3218850,,,
"04","AZ","Arizona","raceeth_white",755652,0.23475837643879,0.463200300115486,3218850,0.192316374805845,3929213,0.539822196686586
"05","AR","Arkansas","raceeth_aian",1782,0.00159135417810843,0.0024506500686237,1119801,0.109891465219536,16216,0.00537344373590863
"05","AR","Arkansas","raceeth_asian",14836,0.0132487825961934,0.0204028307621219,1119801,0.323654529985384,45839,0.0151895219172617
"05","AR","Arkansas","raceeth_black",86350,0.0771119154206863,0.118750636041334,1119801,0.185700522155029,464996,0.1540842281341
"05","AR","Arkansas","raceeth_hispanic",56472,0.0504303889708975,0.0776616782689774,1119801,0.24346521463585,231951,0.0768608564373299
"05","AR","Arkansas","raceeth_nhpi",1686,0.00150562466009586,0.00231862851610525,1119801,0.133038743786002,12673,0.00419941122750185
"05","AR","Arkansas","raceeth_other",21238,0.0189658698286571,0.029207018045696,1119801,0.286234130300008,74198,0.024586752486245
"05","AR","Arkansas","raceeth_unknown",392647,0.350639979782122,,1119801,,,
"05","AR","Arkansas","raceeth_white",544790,0.486506084563239,0.749208558297142,1119801,0.250832093653067,2171931,0.719705786061653
"06","CA","California","raceeth_aian",27796,0.00133168021526882,0.00600338051920732,20872879,0.186471491919524,149063,0.00377257943700105
"06","CA","California","raceeth_asian",641029,0.0307110964424218,0.138449453548962,20872879,0.110776052234162,5786711,0.146453693582363
"06","CA","California","raceeth_black",164636,0.00788755590448256,0.0355580858814296,20872879,0.0757996472357825,2171989,0.0549700531908822
"06","CA","California","raceeth_hispanic",1007331,0.0482602807212172,0.217563365296936,20872879,0.0646766376785391,15574882,0.394178834230613
"06","CA","California","raceeth_nhpi",25205,0.00120754784234604,0.00544377629826667,20872879,0.177692708994261,141846,0.00358992709673662
"06","CA","California","raceeth_other",1065374,0.0510410662563607,0.230099493354079,20872879,0.800039950407427,1331651,0.0337022546162487
"06","CA","California","raceeth_unknown",16242821,0.778178276221503,,20872879,,,
"06","CA","California","raceeth_white",1698687,0.0813824963964003,0.36688244510112,20872879,0.118325258822376,14356081,0.363332657846156
"08","CO","Colorado","raceeth_aian",9380,0.00326294463708264,0.00572959488465678,2874704,0.294496248155474,31851,0.00553090122554672
"08","CO","Colorado","raceeth_asian",37443,0.0130249931819067,0.022871345550768,2874704,0.203723754441138,183793,0.0319155106259429
"08","CO","Colorado","raceeth_black",47033,0.016360988818327,0.0287292149477678,2874704,0.206455322810036,227812,0.0395593755296301
"08","CO","Colorado","raceeth_hispanic",247542,0.0861104308478369,0.151206330163935,2874704,0.196945985489731,1256903,0.218260222382134
"08","CO","Colorado","raceeth_nhpi",3241,0.00112742042311139,0.00197970330716126,2874704,0.481789802289282,6727,0.00116813828590163
"08","CO","Colorado","raceeth_other",238430,0.0829407132003852,0.145640437990268,2874704,1.45810018285113,163521,0.0283952936894485
"08","CO","Colorado","raceeth_unknown",1237590,0.430510410810991,,2874704,,,
"08","CO","Colorado","raceeth_white",1054045,0.366662098080359,0.643843373155443,2874704,0.271093114451707,3888129,0.675170558261396
"09","CT","Connecticut","raceeth_aian",2977,0.00143249930468206,0.00164318898991622,2078186,0.518821889159986,5738,0.00160940760168817
"09","CT","Connecticut","raceeth_asian",76347,0.0367373276501718,0.0421405944955101,2078186,0.461247077445431,165523,0.0464262764820897
"09","CT","Connecticut","raceeth_black",107423,0.0516907533781866,0.059293345940131,2078186,0.297710833356428,360830,0.101206438640143
"09","CT","Connecticut","raceeth_hispanic",222564,0.107095322555344,0.122846729711694,2078186,0.370351141684721,600954,0.168556977320479
"09","CT","Connecticut","raceeth_nhpi",1488,0.000716009057899534,0.000821318514274549,2078186,1.28831168831169,1155,0.000323957089569507
"09","CT","Connecticut","raceeth_other",261368,0.125767375971159,0.144265038601418,2078186,2.85891798473015,91422,0.0256422554481589
"09","CT","Connecticut","raceeth_unknown",266465,0.128219995707795,,2078186,,,
"09","CT","Connecticut","raceeth_white",1139554,0.548340716374761,0.628989783747056,2078186,0.487058617366161,2339665,0.656234687417871
"10","DE","Delaware","raceeth_aian",926,0.00186014744581266,0.0023815892350109,497810,0.289827856025039,3195,0.00328108247994381
"10","DE","Delaware","raceeth_asian",17860,0.0358771418814407,0.0459343236903831,497810,0.491118077324974,36366,0.0373458045275857
"10","DE","Delaware","raceeth_black",57020,0.114541692613648,0.146650343607259,497810,0.26667414963123,213819,0.219579898209422
"10","DE","Delaware","raceeth_hispanic",27641,0.0555252003776541,0.0710901814740134,497810,0.295973873005675,93390,0.0959061949301884
"10","DE","Delaware","raceeth_nhpi",306,0.000614692352503967,0.000787004650014403,497810,0.714953271028037,428,0.000439531549738951
"10","DE","Delaware","raceeth_other",25404,0.0510315180490549,0.0653368174149212,497810,0.859259259259259,29565,0.0303615660468039
"10","DE","Delaware","raceeth_unknown",108994,0.218946987806593,,497810,,,
"10","DE","Delaware","raceeth_white",259659,0.521602619473293,0.667819739928398,497810,0.434938969951474,597001,0.613085922256317
"11","DC","District of Columbia","raceeth_aian",564,0.00134140395523897,0.00246367821916252,420455,0.338129496402878,1668,0.00236344649443357
"11","DC","District of Columbia","raceeth_asian",11918,0.0283454828697482,0.0520604911630833,420455,0.420447329429196,28346,0.0401644210618789
"11","DC","District of Columbia","raceeth_black",77065,0.183289531578885,0.336637166595319,420455,0.247340126775255,311575,0.441481319846008
"11","DC","District of Columbia","raceeth_hispanic",29275,0.0696269517546468,0.127879751535431,420455,0.368345559092568,79477,0.112613691269842
"11","DC","District of Columbia","raceeth_nhpi",392,0.000932323316407225,0.00171234372679381,420455,4.35555555555556,90,0.000127524091426272
"11","DC","District of Columbia","raceeth_other",16355,0.0388983363261229,0.0714423001319204,420455,0.762826492537313,21440,0.0303790724464363
"11","DC","District of Columbia","raceeth_unknown",191529,0.455527939969795,,420455,,,
"11","DC","District of Columbia","raceeth_white",93357,0.222038030229156,0.40780426862829,420455,0.354763198595494,263153,0.372870524789975
"12","FL","Florida","raceeth_aian",16909,0.00171032951431558,0.00324990832064173,9886399,0.395458159876514,42758,0.00199080564214004
"12","FL","Florida","raceeth_asian",193889,0.0196116907682969,0.0372654488367677,9886399,0.330103616533698,587358,0.0273472945497005
"12","FL","Florida","raceeth_black",441111,0.044617964538959,0.0847814956074632,9886399,0.134776638728175,3272904,0.152385886837147
"12","FL","Florida","raceeth_hispanic",1541539,0.15592522616172,0.296283660931678,9886399,0.272182199787451,5663629,0.263697660512371
"12","FL","Florida","raceeth_nhpi",20975,0.00212160160640897,0.00403139316490983,9886399,1.50606735118834,13927,0.000648438892793966
"12","FL","Florida","raceeth_other",85934,0.00869214362074604,0.0165165072816859,9886399,0.165670594404516,518704,0.0241507752888491
"12","FL","Florida","raceeth_unknown",4683483,0.473729919255737,,9886399,,,
"12","FL","Florida","raceeth_white",2902559,0.293591124533817,0.557871585856854,9886399,0.255092496284865,11378457,0.529779138276998
"13","GA","Georgia","raceeth_aian",7077,0.00182371431619604,0.00236172700745127,3880542,0.356523929471033,19850,0.00186956853842971
"13","GA","Georgia","raceeth_asian",192835,0.0496928006448584,0.0643526391807073,3880542,0.442408947519358,435875,0.0410528053747129
"13","GA","Georgia","raceeth_black",761318,0.19618857365801,0.254066028240608,3880542,0.227343662747398,3348754,0.31540176933706
"13","GA","Georgia","raceeth_hispanic",217407,0.0560249057992414,0.0725527742700238,3880542,0.20851548278316,1042642,0.0982010418158907
"13","GA","Georgia","raceeth_nhpi",16677,0.00429759554206603,0.00556542621213294,3880542,2.86990191017037,5811,0.000547307948454159
"13","GA","Georgia","raceeth_other",147552,0.0380235544416218,0.0492408567759573,3880542,0.562456401166447,262335,0.0247079729233732
"13","GA","Georgia","raceeth_unknown",884006,0.227804775724628,,3880542,,,
"13","GA","Georgia","raceeth_white",1653670,0.426144079873378,0.551860548313119,3880542,0.300549457339995,5502156,0.518219534062079
"15","HI","Hawaii","raceeth_aian",1765,0.00207359439083906,0.00295854020765097,851179,0.563357804021704,3133,0.0022127706459341
"15","HI","Hawaii","raceeth_asian",308624,0.362584133302161,0.517323803425537,851179,0.572152114629159,539409,0.380972997559101
"15","HI","Hawaii","raceeth_black",7478,0.00878546110747563,0.0125348236106595,851179,0.296804921611431,25195,0.0177946876553813
"15","HI","Hawaii","raceeth_hispanic",31058,0.0364882122326796,0.0520602502941778,851179,0.205867536324106,150864,0.10655200470099
"15","HI","Hawaii","raceeth_nhpi",58282,0.0684720840152306,0.0976938472421041,851179,0.414358434762826,140656,0.0993423134294626
"15","HI","Hawaii","raceeth_other",31536,0.0370497862376774,0.052861486679026,851179,0.125344303344661,251595,0.177696147674366
"15","HI","Hawaii","raceeth_unknown",254601,0.299115697168281,,851179,,,
"15","HI","Hawaii","raceeth_white",157835,0.185431031545656,0.264567248540845,851179,0.517457871614976,305020,0.215429078334765
"16","ID","Idaho","raceeth_aian",4966,0.00780531660570891,0.0162806327350217,636233,0.270567723656969,18354,0.0102704714154214
"16","ID","Idaho","raceeth_asian",6210,0.0097605751352099,0.0203589869682813,636233,0.256760109154056,24186,0.0135339229406877
"16","ID","Idaho","raceeth_black",1936,0.00304291038031665,0.00634702073600525,636233,0.156773827840311,12349,0.00691021311479997
"16","ID","Idaho","raceeth_hispanic",29942,0.0470613753137608,0.098162445701172,636233,0.130469641907849,229494,0.128419503487562
"16","ID","Idaho","raceeth_nhpi",806,0.00126683149097893,0.00264240636013442,636233,0.352118829183049,2289,0.00128087114906285
"16","ID","Idaho","raceeth_other",12312,0.0193514011376335,0.0403639045979838,636233,0.290610395128169,42366,0.0237070280040178
"16","ID","Idaho","raceeth_unknown",331208,0.520576581221031,,636233,,,
"16","ID","Idaho","raceeth_white",248853,0.391135008715361,0.815844602901401,636233,0.170677909256824,1458027,0.815877989888448
"17","IL","Illinois","raceeth_aian",8218,0.00131250572963532,0.00240792358637041,6261306,0.635183181326326,12938,0.00102100558396461
"17","IL","Illinois","raceeth_asian",235005,0.0375329044771171,0.0688578829903844,6261306,0.330937490758591,710119,0.0560392227762687
"17","IL","Illinois","raceeth_black",333402,0.0532479965042437,0.0976887977054112,6261306,0.189509081204779,1759293,0.138835057723748
"17","IL","Illinois","raceeth_hispanic",597709,0.0954607553120707,0.17513234350035,6261306,0.269687767901457,2216300,0.174899882187414
"17","IL","Illinois","raceeth_nhpi",4588,0.000732754476462259,0.0013443116834105,6261306,1.58370728339662,2897,0.000228617497043243
"17","IL","Illinois","raceeth_other",177388,0.0283308306605683,0.0519757543367091,6261306,0.635130006373212,279294,0.0220405575489111
"17","IL","Illinois","raceeth_unknown",2848407,0.454922183966093,,6261306,,,
"17","IL","Illinois","raceeth_white",2056589,0.32846006887381,0.602592986197365,6261306,0.267402723710112,7690980,0.60693565668265
"18","IN","Indiana","raceeth_aian",1841,0.000701158377623869,0.000813126987821646,2625655,0.155332433344583,11852,0.00176048937207777
"18","IN","Indiana","raceeth_asian",51032,0.0194359121819127,0.0225396504304803,2625655,0.300499340493688,169824,0.0252255608440545
"18","IN","Indiana","raceeth_black",129462,0.0493065539836726,0.0571803618128006,2625655,0.204682033128697,632503,0.0939516376398332
"18","IN","Indiana","raceeth_hispanic",122113,0.0465076333333968,0.053934479013506,2625655,0.251492110043373,485554,0.0721239163491265
"18","IN","Indiana","raceeth_nhpi",1014,0.000386189350847693,0.000447860274661135,2625655,0.371973587674248,2726,0.000404918497155247
"18","IN","Indiana","raceeth_other",273276,0.104079172625497,0.120699669051574,2625655,1.73517385010032,157492,0.0233937725436442
"18","IN","Indiana","raceeth_unknown",361556,0.137701259304821,,2625655,,,
"18","IN","Indiana","raceeth_white",1685361,0.641882120842228,0.744384852429156,2625655,0.319665274982228,5272268,0.783139704754109
"19","IA","Iowa","raceeth_aian",1917,0.00131755384478982,0.00169676349223489,1454969,0.196192815474363,9771,0.00309692019511453
"19","IA","Iowa","raceeth_asian",22568,0.0155109833955225,0.0199752522132275,1454969,0.298234485675018,75672,0.0239842539151271
"19","IA","Iowa","raceeth_black",18692,0.0128470091115343,0.0165445504417604,1454969,0.148513042165564,125861,0.039891666428954
"19","IA","Iowa","raceeth_hispanic",43810,0.0301106071675754,0.038776843294111,1454969,0.221843003412969,197482,0.0625919551705667
"19","IA","Iowa","raceeth_nhpi",744,0.000511351100951292,0.000658524798238269,1454969,0.529160739687055,1406,0.000445631951113604
"19","IA","Iowa","raceeth_other",53033,0.0364495738397175,0.0469402494959276,1454969,0.881283546870067,60177,0.019073110897698
"19","IA","Iowa","raceeth_unknown",325171,0.22348998500999,,1454969,,,
"19","IA","Iowa","raceeth_white",989034,0.679762936529919,0.8754078162645,1454969,0.368396331658535,2684701,0.850916461441426
"20","KS","Kansas","raceeth_aian",7641,0.00594813654635981,0.00748241764052668,1284604,0.397182659320096,19238,0.00660347631597555
"20","KS","Kansas","raceeth_asian",30776,0.0239575775881128,0.0301372706851,1284604,0.359352194575155,85643,0.0293971058389175
"20","KS","Kansas","raceeth_black",39939,0.0310905150536663,0.0391101005293803,1284604,0.247327875552693,161482,0.0554289719542761
"20","KS","Kansas","raceeth_hispanic",106553,0.0829461841937282,0.104341584458976,1284604,0.300315103550129,354804,0.121787078220885
"20","KS","Kansas","raceeth_nhpi",791,0.000615753959975214,0.000774583477772098,1284604,0.37810707456979,2092,0.000718082568511324
"20","KS","Kansas","raceeth_other",108487,0.0844517065181176,0.106235445958359,1284604,1.15942075451534,93570,0.0321180621107097
"20","KS","Kansas","raceeth_unknown",263410,0.205051517821835,,1284604,,,
"20","KS","Kansas","raceeth_white",727007,0.565938608318205,0.711918597249886,1284604,0.330986553516186,2196485,0.753947222990725
"21","KY","Kentucky","raceeth_aian",1484,0.000777748021171098,0.000967314671895207,1908073,0.215259646069046,6894,0.00154308518103272
"21","KY","Kentucky","raceeth_asian",24852,0.0130246589098006,0.0161992616077761,1908073,0.34384858044164,72276,0.0161775492521498
"21","KY","Kentucky","raceeth_black",86458,0.0453116835676622,0.0563558570773017,1908073,0.241645215476161,357789,0.0800839721259815
"21","KY","Kentucky","raceeth_hispanic",45285,0.0237333686918687,0.0295180895665596,1908073,0.269526297934138,168017,0.0376072734060886
"21","KY","Kentucky","raceeth_nhpi",906,0.00047482460052629,0.000590557340119311,1908073,0.232129131437356,3903,0.000873609147312259
"21","KY","Kentucky","raceeth_other",161781,0.084787636531726,0.105453594968921,1908073,1.68355273427338,96095,0.0215089600335566
"21","KY","Kentucky","raceeth_unknown",373929,0.195972061865558,,1908073,,,
"21","KY","Kentucky","raceeth_white",1213378,0.635918017811688,0.790915324767427,1908073,0.322475435850702,3762699,0.842205550853878
"22","LA","Louisiana","raceeth_aian",1693,0.00105220437749339,0.00174128048397929,1609003,0.069751153592617,24272,0.00522113907391896
"22","LA","Louisiana","raceeth_asian",16991,0.0105599554506735,0.0174755444201371,1609003,0.209724005134788,81016,0.0174273155575403
"22","LA","Louisiana","raceeth_black",224061,0.139254557014499,0.230450706745945,1609003,0.149937966671976,1494358,0.321450681617641
"22","LA","Louisiana","raceeth_hispanic",66056,0.0410539943057906,0.0679397658887987,1609003,0.264009624185162,250203,0.0538210555253685
"22","LA","Louisiana","raceeth_nhpi",873,0.000542572015092576,0.000897895961319506,1609003,0.930703624733475,938,0.000201772760849373
"22","LA","Louisiana","raceeth_other",314565,0.195503053754406,0.323535673622532,1609003,3.48374771582037,90295,0.0194233171011665
"22","LA","Louisiana","raceeth_unknown",636730,0.395729529404234,,1609003,,,
"22","LA","Louisiana","raceeth_white",348034,0.216304133677812,0.357959132877289,1609003,0.128534349295641,2707712,0.582454718363515
"23","ME","Maine","raceeth_aian",2227,0.00286136083597477,0.00403851733642826,778301,0.248854620628003,8949,0.00665743201221236
"23","ME","Maine","raceeth_asian",5262,0.00676088043057891,0.00954228927897867,778301,0.348615343845237,15094,0.0112288835392036
"23","ME","Maine","raceeth_black",4197,0.00539251523510827,0.00761098215581024,778301,0.204313114594489,20542,0.0152818156659813
"23","ME","Maine","raceeth_hispanic",10021,0.0128754813369121,0.0181724212969679,778301,0.434430138292799,23067,0.0171602396050623
"23","ME","Maine","raceeth_nhpi",331,0.000425285333052379,0.000600246627012912,778301,1.49099099099099,222,0.000165152520584551
"23","ME","Maine","raceeth_other",53401,0.068612272115801,0.0968391846801103,778301,1.86592822949789,28619,0.0212905404802219
"23","ME","Maine","raceeth_unknown",226861,0.291482344234429,,778301,,,
"23","ME","Maine","raceeth_white",476001,0.611589860478144,0.863196358624692,778301,0.38149695564466,1247719,0.928215936176734
"24","MD","Maryland","raceeth_aian",7915,0.00249832550640411,0.00306198557481767,3168122,0.531779091642032,14884,0.00246192322451734
"24","MD","Maryland","raceeth_asian",212383,0.0670375067626815,0.0821621834916617,3168122,0.553272357352937,383867,0.0634944290799381
"24","MD","Maryland","raceeth_black",587346,0.185392481728923,0.227219833155636,3168122,0.32659073317853,1798416,0.297471252199918
"24","MD","Maryland","raceeth_hispanic",213188,0.067291600512859,0.0824736046398269,3168122,0.331463949711663,643171,0.106385220521099
"24","MD","Maryland","raceeth_nhpi",4695,0.00148195050569391,0.00181630098215654,3168122,2.04397039616892,2297,0.000379940718000291
"24","MD","Maryland","raceeth_other",142368,0.0449376633854378,0.0550762807726649,3168122,0.74512862114987,191065,0.0316035582432415
"24","MD","Maryland","raceeth_unknown",583198,0.184083188715586,,3168122,,,
"24","MD","Maryland","raceeth_white",1417029,0.447277282882414,0.548189811383236,3168122,0.470464279311284,3011980,0.498203676013286
"25","MA","Massachusetts","raceeth_aian",1154,0.000273126397879365,0.000339069503959533,4225150,0.0886805502190118,13013,0.00188799337483059
"25","MA","Massachusetts","raceeth_asian",200990,0.0475699087606357,0.0590550949747196,4225150,0.427522775760592,470127,0.0682084577982773
"25","MA","Massachusetts","raceeth_black",138995,0.0328970569092222,0.040839658321365,4225150,0.283899655223125,489592,0.0710325407185169
"25","MA","Massachusetts","raceeth_hispanic",307298,0.0727306722838242,0.0902906242874839,4225150,0.35994541631771,853735,0.123864291390225
"25","MA","Massachusetts","raceeth_nhpi",147,0.000034791664201271,0.0000431916959116562,4225150,0.0594419733117671,2473,0.00035879563636026
"25","MA","Massachusetts","raceeth_other",737611,0.174576287232406,0.216725646347569,4225150,3.39292170545132,217397,0.0315410816651077
"25","MA","Massachusetts","raceeth_unknown",821718,0.194482562749252,,4225150,,,
"25","MA","Massachusetts","raceeth_white",2017237,0.47743559400258,0.592706714868991,4225150,0.416254210029124,4846166,0.703106839416682
"26","MI","Michigan","raceeth_aian",12864,0.00290861929442919,0.0106899523256713,4422717,0.245660269263821,52365,0.00524339138930296
"26","MI","Michigan","raceeth_asian",70629,0.0159695951606219,0.0586925250940481,4422717,0.216908874256793,325616,0.0326044520313047
"26","MI","Michigan","raceeth_black",112204,0.0253699253196621,0.093241247726183,4422717,0.0830938238014588,1350329,0.135210607301176
"26","MI","Michigan","raceeth_hispanic",70173,0.0158664911184686,0.0583135902168322,4422717,0.133415593576096,525973,0.0526665196067191
"26","MI","Michigan","raceeth_nhpi",1534,0.000346845615489302,0.00127475022291509,4422717,0.807368421052632,1900,0.000190250045634978
"26","MI","Michigan","raceeth_other",32321,0.00730795119832447,0.0268586714177566,4422717,0.118109430556215,273653,0.027401313546394
"26","MI","Michigan","raceeth_unknown",3219344,0.727910919916422,,4422717,,,
"26","MI","Michigan","raceeth_white",903648,0.204319652376582,0.750929262996594,4422717,0.121180830790204,7457021,0.746683466079468
"27","MN","Minnesota","raceeth_aian",9281,0.00329628958761752,0.0880775910337563,2815590,0.178721355671096,51930,0.00920804761729134
"27","MN","Minnesota","raceeth_asian",3401,0.00120791734592039,0.0322758201816405,2815590,0.0119997741883128,283422,0.0502554067357586
"27","MN","Minnesota","raceeth_black",4311,0.00153111781189733,0.0409118085278012,2815590,0.011882940221451,362789,0.0643284880999328
"27","MN","Minnesota","raceeth_hispanic",3834,0.00136170394126986,0.0363850322188796,2815590,0.0122017586572337,314217,0.0557158694042448
"27","MN","Minnesota","raceeth_nhpi",356,0.000126438863612955,0.00337847456179477,2815590,0.13598166539343,2618,0.000464214686348329
"27","MN","Minnesota","raceeth_other",1165,0.000413767629519923,0.0110559631025025,2815590,0.00674509894741718,172718,0.0306257571416007
"27","MN","Minnesota","raceeth_unknown",2710217,0.962575161866607,,2815590,,,
"27","MN","Minnesota","raceeth_white",83025,0.029487602953555,0.787915310373625,2815590,0.0186491815474519,4451938,0.789402216314823
"28","MS","Mississippi","raceeth_aian",3078,0.00318555715166895,0.00394350967236071,966236,0.236097261639948,13037,0.0043804930465511
"28","MS","Mississippi","raceeth_asian",10113,0.0104663870938363,0.0129566969839454,966236,0.327960825009729,30836,0.0103610403914589
"28","MS","Mississippi","raceeth_black",255582,0.264513017523669,0.327449671566373,966236,0.227148665763104,1125175,0.378064068700861
"28","MS","Mississippi","raceeth_hispanic",20323,0.0210331637405354,0.0260376696138358,966236,0.225452891516812,90143,0.0302884701001193
"28","MS","Mississippi","raceeth_nhpi",344,0.000356020682317777,0.000440730125825889,966236,1.96571428571429,175,0.0000588008194482198
"28","MS","Mississippi","raceeth_other",137489,0.142293394160433,0.176149837993243,966236,3.33233961075159,41259,0.0138632171977949
"28","MS","Mississippi","raceeth_unknown",185713,0.192202526090934,,966236,,,
"28","MS","Mississippi","raceeth_white",353594,0.365949933556605,0.453021884044416,966236,0.211034876253638,1675524,0.562983909743766
"29","MO","Missouri","raceeth_aian",3225,0.00132969018837072,0.00176837520041586,2425377,0.139369057908384,23140,0.00377030899588557
"29","MO","Missouri","raceeth_asian",48766,0.0201065648763058,0.0267400263638697,2425377,0.386179698759879,126278,0.0205750682533465
"29","MO","Missouri","raceeth_black",146141,0.0602549624243984,0.080133990748519,2425377,0.209576433066214,697316,0.113616974406869
"29","MO","Missouri","raceeth_hispanic",89598,0.0369418857357021,0.0491295755680186,2425377,0.338957531002444,264334,0.0430691814225764
"29","MO","Missouri","raceeth_nhpi",2046,0.000843580193924491,0.00112189012714755,2425377,0.241586964222458,8469,0.00137989398816573
"29","MO","Missouri","raceeth_other",123078,0.0507459252726483,0.0674877776486148,2425377,0.752812081398976,163491,0.0266383573053729
"29","MO","Missouri","raceeth_unknown",601669,0.248072361533898,,2425377,,,
"29","MO","Missouri","raceeth_white",1410854,0.581705029774753,0.773618364343415,2425377,0.290634063941991,4854400,0.790950215627784
"30","MT","Montana","raceeth_aian",31092,0.0684330306245075,0.0914260846041202,454342,0.481091786841617,64628,0.0604690590562306
"30","MT","Montana","raceeth_asian",2451,0.00539461462950817,0.00720717011979605,454342,0.282536023054755,8675,0.00811674641506468
"30","MT","Montana","raceeth_black",1187,0.0026125693860572,0.00349037573733085,454342,0.192476082373926,6167,0.00577014122670938
"30","MT","Montana","raceeth_hispanic",8801,0.0193708704015918,0.0258793570886679,454342,0.218235469152946,40328,0.0377328126140321
"30","MT","Montana","raceeth_nhpi",282,0.000620677815390169,0.000829221531531002,454342,1.25892857142857,224,0.00020958515238899
"30","MT","Montana","raceeth_other",50783,0.111772629428932,0.149327507218932,454342,1.57686694612638,32205,0.030132543895926
"30","MT","Montana","raceeth_unknown",114264,0.25149336843171,,454342,,,
"30","MT","Montana","raceeth_white",245482,0.540302239282303,0.721840283699622,454342,0.267832341026304,916551,0.857569111639648
"31","NE","Nebraska","raceeth_aian",6114,0.00697779522670416,0.00818308481150397,876208,0.422704646017699,14464,0.00747722300569477
"31","NE","Nebraska","raceeth_asian",21392,0.0244142943228092,0.028631427917516,876208,0.451412775116588,47389,0.0244979342517194
"31","NE","Nebraska","raceeth_black",26139,0.0298319577086719,0.0349848959581129,876208,0.28394364361211,92057,0.0475892366036534
"31","NE","Nebraska","raceeth_hispanic",60273,0.068788461187298,0.0806704401118382,876208,0.27462728730772,219472,0.113456933594154
"31","NE","Nebraska","raceeth_nhpi",842,0.000960959041688731,0.00112694756481622,876208,0.485862665897288,1733,0.000895881323898578
"31","NE","Nebraska","raceeth_other",23145,0.0264149608312182,0.0309776738570918,876208,0.531616785722489,43537,0.0225066273505899
"31","NE","Nebraska","raceeth_unknown",129057,0.147290369410003,,876208,,,
"31","NE","Nebraska","raceeth_white",609246,0.695321202271607,0.815425529779121,876208,0.401942001219194,1515756,0.78357616387029
"32","NV","Nevada","raceeth_aian",8464,0.00644408779308266,0.00926078902710291,1313452,0.304778365921285,27771,0.0090161017818578
"32","NV","Nevada","raceeth_asian",92704,0.070580424712894,0.101431023862069,1313452,0.361126260186671,256708,0.0833425320016259
"32","NV","Nevada","raceeth_black",51053,0.0388693305884037,0.0558590574433701,1313452,0.178901702707722,285369,0.092647580187497
"32","NV","Nevada","raceeth_hispanic",232266,0.176836306161169,0.254131193781792,1313452,0.257901685433806,900599,0.292387463492109
"32","NV","Nevada","raceeth_nhpi",7070,0.00538276236969451,0.00773555983242173,1313452,0.350816255644321,20153,0.00654285042705629
"32","NV","Nevada","raceeth_other",97653,0.0743483583716801,0.106845915744764,1313452,0.842061240503928,115969,0.0376503657606952
"32","NV","Nevada","raceeth_unknown",399491,0.304153482578731,,1313452,,,
"32","NV","Nevada","raceeth_white",424751,0.323385247424344,0.464736460308481,1313452,0.288242906594589,1473587,0.478413106349159
"33","NH","New Hampshire","raceeth_aian",1332,0.00167190286897026,0.00206925478864706,796697,0.874015748031496,1524,0.00112082641090644
"33","NH","New Hampshire","raceeth_asian",19358,0.0242978196227675,0.0300725481971695,796697,0.541315958725986,35761,0.0263004417850558
"33","NH","New Hampshire","raceeth_black",5058,0.00634871224568437,0.00785757561634898,796697,0.259797626996764,19469,0.0143184838542896
"33","NH","New Hampshire","raceeth_hispanic",17111,0.0214774249181307,0.0265818458622672,796697,0.315805987228231,54182,0.039848173619247
"33","NH","New Hampshire","raceeth_nhpi",740,0.000928834927205701,0.00114958599369281,796697,1.10944527736132,667,0.00049054541737178
"33","NH","New Hampshire","raceeth_other",7861,0.00986698832805948,0.012212020941107,796697,0.270686271133914,29041,0.0213582150912951
"33","NH","New Hampshire","raceeth_unknown",152987,0.192026579741106,,796697,,,
"33","NH","New Hampshire","raceeth_white",592250,0.743381737348076,0.920057168600767,796697,0.485822354308664,1219067,0.896563313821834
"34","NJ","New Jersey","raceeth_aian",9019,0.00188947800211008,0.00244195913407517,4773276,0.973868912644423,9261,0.00104264826579931
"34","NJ","New Jersey","raceeth_asian",423782,0.0887822116299162,0.114742025252982,4773276,0.499142540811759,849020,0.0955867865920454
"34","NJ","New Jersey","raceeth_black",282469,0.0591771772677716,0.0764805138754939,4773276,0.251163258029437,1124643,0.126617759809236
"34","NJ","New Jersey","raceeth_hispanic",624869,0.130909882437135,0.169187777153833,4773276,0.336521896011783,1856845,0.20905260977304
"34","NJ","New Jersey","raceeth_nhpi",6598,0.00138227917262693,0.00178645596702827,4773276,2.43109801031688,2714,0.000305555274093439
"34","NJ","New Jersey","raceeth_other",200951,0.0420991788448856,0.0544089289224459,4773276,0.935347536084826,214841,0.0241878410617201
"34","NJ","New Jersey","raceeth_unknown",1079930,0.226245035904063,,4773276,,,
"34","NJ","New Jersey","raceeth_white",2145658,0.449514756741492,0.580952339694142,4773276,0.444708308997597,4824866,0.543206799224065
"35","NM","New Mexico","raceeth_aian",172128,0.152438306182002,0.181955027103823,1129165,0.946944523909073,181772,0.0866889956214837
"35","NM","New Mexico","raceeth_asian",17218,0.0152484357910491,0.0182009995856202,1129165,0.511010862468095,33694,0.0160690261342246
"35","NM","New Mexico","raceeth_black",12812,0.0113464374117157,0.013543454912938,1129165,0.322379346786775,39742,0.0189533815108433
"35","NM","New Mexico","raceeth_hispanic",355476,0.314813158395806,0.37577061962469,1129165,0.344136695871049,1032950,0.49262481585289
"35","NM","New Mexico","raceeth_nhpi",1078,0.000954687755996688,0.00113954452046106,1129165,1.71383147853736,629,0.000299976774453234
"35","NM","New Mexico","raceeth_other",51060,0.0452192549361696,0.0539750864700759,1129165,1.36655604325019,37364,0.0178192880773778
"35","NM","New Mexico","raceeth_unknown",183173,0.162219870435233,,1129165,,,
"35","NM","New Mexico","raceeth_white",336220,0.297759849092028,0.355415267782391,1129165,0.436265210632716,770678,0.367544516028727
"36","NY","New York","raceeth_aian",23855,0.00239067868817432,0.00342435716325133,9978338,0.564374940853601,42268,0.00217276415356551
"36","NY","New York","raceeth_asian",824305,0.0826094485875303,0.118328012217727,9978338,0.493784451784574,1669362,0.0858126694644749
"36","NY","New York","raceeth_black",603781,0.0605091749748305,0.0866720516614987,9978338,0.218467646195746,2763709,0.142066997399602
"36","NY","New York","raceeth_hispanic",1145412,0.114789857789945,0.164422543998073,9978338,0.305503730472464,3749257,0.19272857036303
"36","NY","New York","raceeth_nhpi",7206,0.000722164352420213,0.00103441281569437,9978338,1.9344966442953,3725,0.000191481652125284
"36","NY","New York","raceeth_other",280404,0.0281012729775239,0.0402516640538388,9978338,0.54477420558133,514716,0.0264587033705551
"36","NY","New York","raceeth_unknown",3012067,0.301860590410948,,9978338,,,
"36","NY","New York","raceeth_white",4081308,0.409016812218628,0.585866958089916,9978338,0.381055866174241,10710524,0.550568813596647
"37","NC","North Carolina","raceeth_aian",31684,0.00729806793763243,0.00801887437113691,4341423,0.278489245941409,113771,0.0108476438594504
"37","NC","North Carolina","raceeth_asian",161639,0.037231801646603,0.040909065600183,4341423,0.525884450459713,307366,0.0293062107435448
"37","NC","North Carolina","raceeth_black",696545,0.160441633998806,0.1762879323584,4341423,0.314570942116363,2214270,0.211122450964352
"37","NC","North Carolina","raceeth_hispanic",282238,0.065010481586337,0.0714313554084377,4341423,0.27589382157293,1022995,0.0975387878281677
"37","NC","North Carolina","raceeth_nhpi",3592,0.000827378488573908,0.000909095970872484,4341423,0.717969218468919,5003,0.00047701753723559
"37","NC","North Carolina","raceeth_other",79044,0.0182069335330835,0.0200051731407697,4341423,0.290015446650352,272551,0.0259867293206271
"37","NC","North Carolina","raceeth_unknown",390245,0.0898887300316048,,4341423,,,
"37","NC","North Carolina","raceeth_white",2696436,0.621094972777359,0.6824385031502,4341423,0.411535916270256,6552128,0.624721159746623
"38","ND","North Dakota","raceeth_aian",13133,0.0399895253204064,0.0639685539492655,328411,0.344120113195682,38164,0.0500799147575919
"38","ND","North Dakota","raceeth_asian",4120,0.0125452557922847,0.020067801893777,328411,0.38758231420508,10630,0.0139489962758936
"38","ND","North Dakota","raceeth_black",3946,0.0120154318826105,0.0192202782215641,328411,0.181358580751907,21758,0.0285514826877603
"38","ND","North Dakota","raceeth_hispanic",4554,0.0138667706014719,0.0221817402486069,328411,0.149380043298563,30486,0.0400046190467442
"38","ND","North Dakota","raceeth_nhpi",287,0.000873904954462548,0.00139792697658107,328411,0.102793696275072,2792,0.0036637438948537
"38","ND","North Dakota","raceeth_other",9424,0.0286957501423521,0.0459026614191638,328411,0.451860375911009,20856,0.0273678519595518
"38","ND","North Dakota","raceeth_unknown",123107,0.374856506024463,,328411,,,
"38","ND","North Dakota","raceeth_white",169840,0.517156855281949,0.827261037291042,328411,0.266467516818958,637376,0.836383391377604
"39","OH","Ohio","raceeth_aian",7346,0.00145593180229929,0.00193945653502599,5045566,0.455961765253553,16111,0.00137829259737704
"39","OH","Ohio","raceeth_asian",129825,0.0257305126917377,0.0342757888183704,5045566,0.475168271606294,273219,0.0233738268985636
"39","OH","Ohio","raceeth_black",316065,0.0626421297432241,0.0834460018708126,5045566,0.21870422254529,1445171,0.123634069346656
"39","OH","Ohio","raceeth_hispanic",134959,0.0267480397640225,0.0356312434672709,5045566,0.288627405691751,467589,0.0400021387446424
"39","OH","Ohio","raceeth_nhpi",3078,0.000610040578202723,0.000812639152574189,5045566,0.716480446927374,4296,0.000367521879357692
"39","OH","Ohio","raceeth_other",144550,0.0286489166923988,0.0381634143939568,5045566,0.444713128497636,325041,0.0278071878929943
"39","OH","Ohio","raceeth_unknown",1257907,0.249309393633935,,5045566,,,
"39","OH","Ohio","raceeth_white",3051836,0.60485503509418,0.805731455761989,5045566,0.333254528743274,9157673,0.783436962640409
"40","OK","Oklahoma","raceeth_aian",116728,0.0728496866717052,0.104790854590211,1602313,0.385177363471374,303050,0.0765863586061156
"40","OK","Oklahoma","raceeth_asian",38551,0.0240595938496411,0.0346085963548353,1602313,0.434882173113585,88647,0.0224027418952527
"40","OK","Oklahoma","raceeth_black",57690,0.0360042014263131,0.0517903536538727,1602313,0.205095206268398,281284,0.0710856865011141
"40","OK","Oklahoma","raceeth_hispanic",102864,0.0641971949300792,0.0923446513824227,1602313,0.234792493140929,438106,0.11071751599898
"40","OK","Oklahoma","raceeth_nhpi",2110,0.00131684633401838,0.00189422163649977,1602313,0.595540502399097,3543,0.00089538184636683
"40","OK","Oklahoma","raceeth_other",42809,0.026717002233646,0.0384311535719993,1602313,0.156040182834814,274346,0.0693323251547712
"40","OK","Oklahoma","raceeth_unknown",488399,0.304808735871206,,1602313,,,
"40","OK","Oklahoma","raceeth_white",753162,0.470046738683391,0.676140168810159,1602313,0.293287954221095,2567995,0.648979989997399
"41","OR","Oregon","raceeth_aian",12398,0.00595694261529865,0.00748757857941345,2081269,0.303716224492296,40821,0.00967841285504525
"41","OR","Oregon","raceeth_asian",59234,0.0284605209610098,0.0357734497155167,2081269,0.308751628876727,191850,0.0454864777011938
"41","OR","Oregon","raceeth_black",16642,0.00799608315888047,0.0100506761347474,2081269,0.220824542547404,75363,0.0178681126869693
"41","OR","Oregon","raceeth_hispanic",157389,0.0756216519825164,0.0950526298625023,2081269,0.277660852552488,566839,0.13439410755104
"41","OR","Oregon","raceeth_nhpi",3920,0.00188346628907652,0.00236742281265532,2081269,0.297781829231237,13164,0.00312110499066205
"41","OR","Oregon","raceeth_other",450464,0.216437183276165,0.272050701499992,2081269,2.63827294983074,170742,0.0404818982312079
"41","OR","Oregon","raceeth_unknown",425460,0.204423359017984,,2081269,,,
"41","OR","Oregon","raceeth_white",955762,0.45922079269907,0.577217541395173,2081269,0.302556096029134,3158958,0.748969885983882
"42","PA","Pennsylvania","raceeth_aian",2060,0.000300051066943724,0.000442767563793994,6865498,0.120116618075802,17150,0.00133963558318946
"42","PA","Pennsylvania","raceeth_asian",99661,0.0145162084381934,0.0214207078520744,6865498,0.221018992450922,450916,0.0352223392786855
"42","PA","Pennsylvania","raceeth_black",369847,0.0538703820174443,0.0794933277507365,6865498,0.269079831908318,1374488,0.107365191455796
"42","PA","Pennsylvania","raceeth_hispanic",296005,0.0431148621702315,0.063622045010117,6865498,0.296648727739194,997830,0.0779433570830283
"42","PA","Pennsylvania","raceeth_nhpi",853,0.00012424444665194,0.000183340161124406,6865498,0.328709055876686,2595,0.000202702876873273
"42","PA","Pennsylvania","raceeth_other",159954,0.0232982370688914,0.0343798266500507,6865498,0.574440118943301,278452,0.0217506826478292
"42","PA","Pennsylvania","raceeth_unknown",2212944,0.32232825644986,,6865498,,,
"42","PA","Pennsylvania","raceeth_white",3724174,0.542447758341784,0.800457985012103,6865498,0.384706542742681,9680558,0.756176091074598
"44","RI","Rhode Island","raceeth_aian",1774,0.00283838183435626,0.00347858825005834,625004,0.774334351811436,2291,0.00216262445002223
"44","RI","Rhode Island","raceeth_asian",18499,0.0295982105714523,0.0362741849142216,625004,0.510810437663951,36215,0.0341857025131188
"44","RI","Rhode Island","raceeth_black",20684,0.0330941881971955,0.0405586918625742,625004,0.337968333850754,61201,0.0577716189287693
"44","RI","Rhode Island","raceeth_hispanic",57795,0.0924714081829876,0.11332864031123,625004,0.334765962129944,172643,0.162968997348402
"44","RI","Rhode Island","raceeth_nhpi",851,0.00136159128581577,0.00166870270620048,625004,3.404,250,0.000235991319295311
"44","RI","Rhode Island","raceeth_other",20432,0.032690990777659,0.0400645519307734,625004,0.556973067277287,36684,0.0346284222281168
"44","RI","Rhode Island","raceeth_unknown",115027,0.184042022131058,,625004,,,
"44","RI","Rhode Island","raceeth_white",389942,0.623903207019475,0.764626640024942,625004,0.519869293419209,750077,0.708046643212276
"45","SC","South Carolina","raceeth_aian",2798,0.00142329927690496,0.00169108096820732,1965855,0.176976597090449,15810,0.00307066968567297
"45","SC","South Carolina","raceeth_asian",30985,0.0157615897408507,0.0187269992136897,1965855,0.359872241579559,86100,0.0167226223868717
"45","SC","South Carolina","raceeth_black",329244,0.167481324919691,0.198991516188867,1965855,0.243065762945103,1354547,0.263084529457259
"45","SC","South Carolina","raceeth_hispanic",72711,0.0369869598724219,0.0439457427731673,1965855,0.243605893901728,298478,0.057971369161309
"45","SC","South Carolina","raceeth_nhpi",962,0.000489354504782906,0.000581422405795367,1965855,0.130422993492408,7376,0.00143259074013433
"45","SC","South Carolina","raceeth_other",181693,0.0924244158394185,0.109813286045923,1965855,1.58537074847739,114606,0.0222591505373963
"45","SC","South Carolina","raceeth_unknown",311292,0.158349420481165,,1965855,,,
"45","SC","South Carolina","raceeth_white",1036170,0.527083635364765,0.626249952404351,1965855,0.316697521270421,3271797,0.635459068031357
"46","SD","South Dakota","raceeth_aian",23607,0.0582723424212878,0.152835685614399,405115,0.319540323235605,73878,0.0835101434564052
"46","SD","South Dakota","raceeth_asian",546,0.00134776544931686,0.00353489576589408,405115,0.0473547267996531,11530,0.0130332704465789
"46","SD","South Dakota","raceeth_black",2207,0.00544783579971119,0.0142884889291726,405115,0.108649633239797,20313,0.0229613896427889
"46","SD","South Dakota","raceeth_hispanic",1672,0.00412722313417178,0.010824809012042,405115,0.0506390453691926,33018,0.0373228554731258
"46","SD","South Dakota","raceeth_nhpi",105,0.000259185663330166,0.000679787647287324,405115,0.0506512301013025,2073,0.00234327577066418
"46","SD","South Dakota","raceeth_other",5793,0.0142996433111586,0.0375048556260521,405115,0.25377842029176,22827,0.0258031625745061
"46","SD","South Dakota","raceeth_unknown",250655,0.618725547066882,,405115,,,
"46","SD","South Dakota","raceeth_white",120530,0.297520457154141,0.780331477405153,405115,0.167165959335386,721020,0.815025902635931
"47","TN","Tennessee","raceeth_aian",1987,0.000778935574932465,0.00097357767993548,2550917,0.111011788368065,17899,0.00262096118798555
"47","TN","Tennessee","raceeth_asian",42461,0.0166453867373968,0.0208047719515553,2550917,0.342129435652819,124108,0.018173208062937
"47","TN","Tennessee","raceeth_black",242122,0.09491567150166,0.118633404640835,2550917,0.213800112850771,1132469,0.165828107469512
"47","TN","Tennessee","raceeth_hispanic",104528,0.0409766370289586,0.0512159676538983,2550917,0.268621812415998,389127,0.0569800974466312
"47","TN","Tennessee","raceeth_nhpi",1130,0.000442977956554447,0.000553670245760993,2550917,0.334914048606995,3374,0.000494056821513114
"47","TN","Tennessee","raceeth_other",266765,0.104576119097564,0.130707825761444,2550917,1.71569604785027,155485,0.0227677607862971
"47","TN","Tennessee","raceeth_unknown",509991,0.199924576142619,,2550917,,,
"47","TN","Tennessee","raceeth_white",1381933,0.541739695960315,0.677110782066572,2550917,0.276016076019551,5006712,0.733135808225124
"48","TX","Texas","raceeth_aian",2541,0.00750531663516068,0.0130496410193202,338560,0.0326825127334465,77748,0.00268134636088484
"48","TX","Texas","raceeth_asian",3392,0.0100189035916824,0.0174200638872626,338560,0.00237163656906972,1430236,0.049325488678892
"48","TX","Texas","raceeth_black",50672,0.149669187145558,0.260232746844154,338560,0.0147179063116036,3442881,0.118736899216823
"48","TX","Texas","raceeth_hispanic",37005,0.109301157844991,0.190044063722922,338560,0.00321089000612763,11524842,0.397464798534661
"48","TX","Texas","raceeth_nhpi",1388,0.00409971644612476,0.00712825727462279,338560,0.0646062185812698,21484,0.000740932824217343
"48","TX","Texas","raceeth_other",2736,0.00808128544423441,0.0140510892675562,338560,0.0048074050906484,569122,0.0196276843597199
"48","TX","Texas","raceeth_unknown",143842,0.424864130434783,,338560,,,
"48","TX","Texas","raceeth_white",96984,0.286460302457467,0.498074137984162,338560,0.00812971601318673,11929568,0.411422850024802
"49","UT","Utah","raceeth_aian",9595,0.00824564901292835,0.0120677706884603,1163644,0.317610062893082,30210,0.0094230804021762
"49","UT","Utah","raceeth_asian",20988,0.0180364441358354,0.026396912059344,1163644,0.277766013763896,75560,0.0235686181790279
"49","UT","Utah","raceeth_black",7022,0.00603449164864856,0.00883167126361319,1163644,0.204317970204842,34368,0.0107200406243625
"49","UT","Utah","raceeth_hispanic",81082,0.0696793864790262,0.101978007604142,1163644,0.175481653659529,462054,0.144123534993284
"49","UT","Utah","raceeth_nhpi",4423,0.00380099068099866,0.00556287126160084,1163644,0.151951353579772,29108,0.00907934539379493
"49","UT","Utah","raceeth_other",19686,0.0169175452286094,0.0247593677720719,1163644,0.234318089842169,84014,0.0262055834792596
"49","UT","Utah","raceeth_unknown",368551,0.316721437140569,,1163644,,,
"49","UT","Utah","raceeth_white",652297,0.560564055673385,0.820403399350768,1163644,0.261898930557719,2490644,0.776879796928095
"50","VT","Vermont","raceeth_aian",44,0.000110031358937297,0.00359624029423784,399886,0.0180698151950719,2435,0.00390231238050671
"50","VT","Vermont","raceeth_asian",135,0.000337596214921253,0.0110339190845934,399886,0.0159386068476978,8470,0.0135739572332205
"50","VT","Vermont","raceeth_black",118,0.000295084098968206,0.00964446260727421,399886,0.0145195028915959,8127,0.0130242680560074
"50","VT","Vermont","raceeth_hispanic",205,0.00051264610413968,0.0167552104617899,399886,0.0165215989684075,12408,0.0198849659208736
"50","VT","Vermont","raceeth_nhpi",22,0.0000550156794686486,0.00179812014711892,399886,0.0654761904761905,336,0.000538471030739324
"50","VT","Vermont","raceeth_other",74,0.000185052740030909,0.00604822231303637,399886,0.00482997193394687,15321,0.0245533174463011
"50","VT","Vermont","raceeth_unknown",387651,0.969403780077322,,399886,,,
"50","VT","Vermont","raceeth_white",11637,0.029100793726212,0.951123825091949,399886,0.0201718865922911,576892,0.924522707932351
"51","VA","Virginia","raceeth_aian",9516,0.00220871625910869,0.00452608994057961,4308385,0.543864662513574,17497,0.00204990463965929
"51","VA","Virginia","raceeth_asian",109571,0.0254320354378729,0.0521151955526743,4308385,0.195652018641858,560030,0.0656117103131046
"51","VA","Virginia","raceeth_black",311044,0.0721950336378945,0.147941689730732,4308385,0.191300796707386,1625942,0.19049128705589
"51","VA","Virginia","raceeth_hispanic",290926,0.067525534510031,0.138372976256102,4308385,0.351294565986519,828154,0.0970244457308337
"51","VA","Virginia","raceeth_nhpi",3596,0.000834651499343722,0.0017103635378651,4308385,0.827237175063262,4347,0.000509283618254496
"51","VA","Virginia","raceeth_other",118143,0.0274216440731272,0.0561922912830913,4308385,0.411871958276973,286844,0.0336059236702537
"51","VA","Virginia","raceeth_unknown",2205908,0.512003453730342,,4308385,,,
"51","VA","Virginia","raceeth_white",1259681,0.29237893085228,0.599141393698956,4308385,0.241655915690606,5212705,0.610707444972005
"53","WA","Washington","raceeth_aian",46274,0.011904106523154,0.0144740542084202,3887230,0.533043047540058,86811,0.0114001601860985
"53","WA","Washington","raceeth_asian",378022,0.097247139994289,0.118241581016887,3887230,0.555570742231648,680421,0.089353980417059
"53","WA","Washington","raceeth_black",99213,0.025522801583647,0.0310328551709383,3887230,0.336043002448863,295239,0.0387712604760172
"53","WA","Washington","raceeth_hispanic",292200,0.0751692078935386,0.0913972995569952,3887230,0.294638724724545,991723,0.130234659896075
"53","WA","Washington","raceeth_nhpi",22556,0.00580258950460868,0.0070552959918124,3887230,0.463476277559743,48667,0.00639102873802692
"53","WA","Washington","raceeth_other",274724,0.0706734615651762,0.0859309778353729,3887230,0.712942922836575,385338,0.0506032061120228
"53","WA","Washington","raceeth_unknown",690199,0.177555482953157,,3887230,,,
"53","WA","Washington","raceeth_white",2084042,0.53612520998243,0.651867936219574,3887230,0.406507975705201,5126694,0.673245704174701
"54","WV","West Virginia","raceeth_aian",634,0.000942638793898124,0.00114544639888996,672580,0.17965429300085,3529,0.00196914650416512
"54","WV","West Virginia","raceeth_asian",4951,0.00736120610187636,0.008944960758524,672580,0.351508697195598,14085,0.00785928832846859
"54","WV","West Virginia","raceeth_black",18404,0.0273632876386452,0.0332504661280298,672580,0.283155886516093,64996,0.0362671142489985
"54","WV","West Virginia","raceeth_hispanic",7722,0.0114811620922418,0.013951320334745,672580,0.287887260932782,26823,0.0149669642055032
"54","WV","West Virginia","raceeth_nhpi",274,0.000407386481905498,0.00049503519447295,672580,0.958041958041958,286,0.000159585123318567
"54","WV","West Virginia","raceeth_other",4428,0.00658360343750929,0.00800005781432928,672580,0.134344660194175,32960,0.0183913484775523
"54","WV","West Virginia","raceeth_unknown",119084,0.177055517559249,,672580,,,
"54","WV","West Virginia","raceeth_white",517083,0.768805197894674,0.934212713371009,672580,0.313484711434232,1649468,0.920386553111994
"55","WI","Wisconsin","raceeth_aian",24409,0.00867875555555556,0.00974412344605602,2812500,0.49719919336769,49093,0.0084316971218566
"55","WI","Wisconsin","raceeth_asian",72067,0.0256238222222222,0.0287692959312925,2812500,0.43298306327091,166443,0.0285864983613382
"55","WI","Wisconsin","raceeth_black",92639,0.0329383111111111,0.0369816810159853,2812500,0.252604741843566,366735,0.0629865448023971
"55","WI","Wisconsin","raceeth_hispanic",121147,0.0430744888888889,0.0483621337670265,2812500,0.293498300502218,412769,0.0708928602711512
"55","WI","Wisconsin","raceeth_nhpi",3316,0.00117902222222222,0.00132375408034421,2812500,0.849602869587497,3903,0.000670338212507003
"55","WI","Wisconsin","raceeth_other",68979,0.0245258666666667,0.0275365599240239,2812500,0.580230817112767,118882,0.0204179214397278
"55","WI","Wisconsin","raceeth_unknown",307503,0.1093344,,2812500,,,
"55","WI","Wisconsin","raceeth_white",2122440,0.754645333333333,0.847282451835272,2812500,0.451140572999797,4704609,0.808014139791022
"56","WY","Wyoming","raceeth_aian",6063,0.0289840523175769,0.0736542876927002,209184,0.493287771540151,12291,0.021236818779492
"56","WY","Wyoming","raceeth_asian",827,0.00395345724338382,0.0100465274487651,209184,0.18199823943662,4544,0.00785128179432199
"56","WY","Wyoming","raceeth_black",718,0.00343238488603335,0.00872237812359537,209184,0.111750972762646,6425,0.0111013392448325
"56","WY","Wyoming","raceeth_hispanic",6956,0.0332530212635766,0.0845025936319351,209184,0.118688893818145,58607,0.101263220096793
"56","WY","Wyoming","raceeth_nhpi",72,0.000344194584671868,0.000874667444148839,209184,0.100418410041841,717,0.00123885762467625
"56","WY","Wyoming","raceeth_other",8373,0.0400269619091326,0.101716534859142,209184,0.711264016309888,11772,0.0203400724653958
"56","WY","Wyoming","raceeth_unknown",126867,0.606485199632859,,209184,,,
"56","WY","Wyoming","raceeth_white",59308,0.283520728162766,0.720483010799713,209184,0.122435245033577,484403,0.836968409994488
"60","AS","American Samoa","raceeth_aian",3,0.000135232600072124,0.000305779227397819,22184,,,
"60","AS","American Samoa","raceeth_asian",179,0.00806887847097007,0.0182448272347365,22184,,,
"60","AS","American Samoa","raceeth_black",18,0.000811395600432744,0.00183467536438691,22184,,,
"60","AS","American Samoa","raceeth_hispanic",22,0.000991705733862243,0.00224238100091734,22184,,,
"60","AS","American Samoa","raceeth_nhpi",9570,0.431391994230076,0.975435735399042,22184,,,
"60","AS","American Samoa","raceeth_other",3,0.000135232600072124,0.000305779227397819,22184,,,
"60","AS","American Samoa","raceeth_unknown",12373,0.557744320230797,,22184,,,
"60","AS","American Samoa","raceeth_white",16,0.000721240533717995,0.0016308225461217,22184,,,
"64","FM","Federated States of Micronesia","raceeth_asian",83,0.00371913787695479,0.638461538461538,22317,,,
"64","FM","Federated States of Micronesia","raceeth_hispanic",1,0.0000448088900837926,0.00769230769230769,22317,,,
"64","FM","Federated States of Micronesia","raceeth_nhpi",45,0.00201640005377067,0.346153846153846,22317,,,
"64","FM","Federated States of Micronesia","raceeth_other",1,0.0000448088900837926,0.00769230769230769,22317,,,
"64","FM","Federated States of Micronesia","raceeth_unknown",22187,0.994174844289107,,22317,,,
"66","GU","Guam","raceeth_aian",12,0.000146684920790143,0.00391517128874388,81808,,,
"66","GU","Guam","raceeth_asian",757,0.00925337375317817,0.246982055464927,81808,,,
"66","GU","Guam","raceeth_black",192,0.00234695873264228,0.0626427406199021,81808,,,
"66","GU","Guam","raceeth_hispanic",281,0.00343487189516918,0.0916802610114193,81808,,,
"66","GU","Guam","raceeth_nhpi",626,0.00765206336788578,0.204241435562806,81808,,,
"66","GU","Guam","raceeth_other",318,0.00388715040093878,0.103752039151713,81808,,,
"66","GU","Guam","raceeth_unknown",78743,0.962534226481518,,81808,,,
"66","GU","Guam","raceeth_white",879,0.010744670447878,0.286786296900489,81808,,,
"68","MH","Marshall Islands","raceeth_aian",12,0.000770910959784145,0.00145313635262775,15566,,,
"68","MH","Marshall Islands","raceeth_asian",235,0.0150970062957728,0.0284572535722935,15566,,,
"68","MH","Marshall Islands","raceeth_hispanic",39,0.00250546061929847,0.0047226931460402,15566,,,
"68","MH","Marshall Islands","raceeth_nhpi",7844,0.503918797378903,0.949866795834342,15566,,,
"68","MH","Marshall Islands","raceeth_other",103,0.00661698573814724,0.0124727536933882,15566,,,
"68","MH","Marshall Islands","raceeth_unknown",7308,0.469484774508544,,15566,,,
"68","MH","Marshall Islands","raceeth_white",25,0.0016060644995503,0.00302736740130782,15566,,,
"69","MP","Northern Mariana Islands","raceeth_aian",157,0.00661303230697949,0.0124741776577149,23741,,,
"69","MP","Northern Mariana Islands","raceeth_asian",8153,0.343414346489196,0.647783251231527,23741,,,
"69","MP","Northern Mariana Islands","raceeth_black",43,0.00181121267006445,0.0034164945177181,23741,,,
"69","MP","Northern Mariana Islands","raceeth_hispanic",69,0.00290636451708016,0.00548228190052439,23741,,,
"69","MP","Northern Mariana Islands","raceeth_nhpi",3428,0.144391558906533,0.272366121086922,23741,,,
"69","MP","Northern Mariana Islands","raceeth_other",283,0.0119203066425172,0.0224853011282377,23741,,,
"69","MP","Northern Mariana Islands","raceeth_unknown",11155,0.469862263594625,,23741,,,
"69","MP","Northern Mariana Islands","raceeth_white",453,0.0190809148730045,0.0359923724773558,23741,,,
"70","PW","Palau","raceeth_asian",9,0.000699083423955259,0.529411764705882,12874,,,
"70","PW","Palau","raceeth_black",3,0.000233027807985086,0.176470588235294,12874,,,
"70","PW","Palau","raceeth_hispanic",3,0.000233027807985086,0.176470588235294,12874,,,
"70","PW","Palau","raceeth_nhpi",1,0.0000776759359950287,0.0588235294117647,12874,,,
"70","PW","Palau","raceeth_unknown",12857,0.998679509088085,,12874,,,
"70","PW","Palau","raceeth_white",1,0.0000776759359950287,0.0588235294117647,12874,,,
"72","PR","Puerto Rico","raceeth_aian",66,0.0000468785958013825,0.0000475955589016676,1407892,0.143790849673203,459,0.000143720719643147
"72","PR","Puerto Rico","raceeth_asian",537,0.000381421302202158,0.000387254774699932,1407892,0.202641509433962,2650,0.000829760146087884
"72","PR","Puerto Rico","raceeth_black",559,0.000397047500802618,0.000403119961000487,1407892,0.164994096812279,3388,0.00106084051884745
"72","PR","Puerto Rico","raceeth_hispanic",1377059,0.978099882661454,0.993058980993507,1407892,0.43928703929074,3134759,0.981546447468042
"72","PR","Puerto Rico","raceeth_nhpi",230,0.000163364803550272,0.000165863311323993,1407892,,0,0
"72","PR","Puerto Rico","raceeth_other",4088,0.00290363181266745,0.00294804007257602,1407892,0.415785191212368,9832,0.00307856670050418
"72","PR","Puerto Rico","raceeth_unknown",21208,0.0150636554508442,,1407892,,,
"72","PR","Puerto Rico","raceeth_white",4145,0.00294411787267773,0.00298914532799109,1407892,0.0972867671220016,42606,0.0133406644468756
"78","VI","Virgin Islands","raceeth_aian",42,0.00111988054607509,0.00165478113549506,37504,,,
"78","VI","Virgin Islands","raceeth_asian",629,0.0167715443686007,0.0247823174815807,37504,,,
"78","VI","Virgin Islands","raceeth_black",11775,0.313966510238908,0.463929711201292,37504,,,
"78","VI","Virgin Islands","raceeth_hispanic",5068,0.135132252559727,0.19967692368307,37504,,,
"78","VI","Virgin Islands","raceeth_nhpi",41,0.00109321672354949,0.00161538158464993,37504,,,
"78","VI","Virgin Islands","raceeth_other",270,0.00719923208191126,0.0106378787281825,37504,,,
"78","VI","Virgin Islands","raceeth_unknown",12123,0.323245520477816,,37504,,,
"78","VI","Virgin Islands","raceeth_white",7556,0.201471843003413,0.297703006185729,37504,,,
,"UNK","Unknown","raceeth_aian",2695,0.00362168874172185,0.015899329809326,744128,,,
,"UNK","Unknown","raceeth_asian",8896,0.0119549324847338,0.0524825372852558,744128,,,
,"UNK","Unknown","raceeth_black",29009,0.0389838844929905,0.171140504058901,744128,,,
,"UNK","Unknown","raceeth_hispanic",252,0.000338651414810355,0.00148669057957334,744128,,,
,"UNK","Unknown","raceeth_nhpi",28,0.0000376279349789284,0.000165187842174816,744128,,,
,"UNK","Unknown","raceeth_other",5488,0.00737507525586996,0.0323768170662639,744128,,,
,"UNK","Unknown","raceeth_unknown",574624,0.772211232476133,,744128,,,
,"UNK","Unknown","raceeth_white",123136,0.165476907198762,0.726448933358505,744128,,,
